model,observations,4,6,8,10,12,14,16,18,20
BLP_corr,10000,6,9,13,15,18,20,21,25,25
BLP_corr,20000,7,10,14,19,24,27,28,33,35
BLP_corr,40000,7,11,16,22,27,32,37,42,43
BLP_corr,60000,8,12,18,24,32,38,44,46,56
BLP_ind,10000,6,9,12,15,18,21,23,25,26
BLP_ind,20000,7,10,15,18,23,26,30,31,36
BLP_ind,40000,7,11,16,21,30,35,39,44,44
BLP_ind,60000,7,12,18,24,31,38,42,48,52
Logit,10000,6,9,12,16,18,20,22,26,27
Logit,20000,7,10,15,19,22,28,31,35,35
Logit,40000,7,11,17,23,27,35,38,44,49
Logit,60000,8,12,18,24,34,39,47,51,56
