Zone,LocationID
Crown Heights North,61
East Village,79
Midtown Center,161
TriBeCa/Civic Center,231
Times Sq/Theatre District,230
Union Sq,234
Bushwick South,37
West Chelsea/Hudson Yards,246
East New York,76
East Chelsea,68
Lower East Side,148
Williamsburg (North Side),255
Midtown South,164
West Village,249
Astoria,7
Park Slope,181
Greenpoint,112
Upper East Side South,237
Murray Hill,170
Central Harlem North,42
Bedford,17
Clinton East,48
Williamsburg (South Side),256
Midtown North,163
Upper East Side North,236
Midtown East,162
Stuyvesant Heights,225
Bushwick North,36
Gramercy,107
Long Island City/Hunters Point,145
Flatbush/Ditmas Park,89
Jackson Heights,129
Prospect-Lefferts Gardens,188
Little Italy/NoLiTa,144
Washington Heights South,244
East Williamsburg,80
Elmhurst,82
Canarsie,39
Lincoln Square East,142
East Harlem North,74
Jamaica,130
Greenwich Village South,114
Flatiron,90
Lenox Hill West,141
Greenwich Village North,113
Mott Haven/Port Morris,168
East Harlem South,75
Upper West Side South,239
Forest Hills,95
Ridgewood,198
Fort Greene,97
SoHo,211
Brownsville,35
Sunnyside,226
Borough Park,26
Central Harlem,41
Clinton Hill,49
Meatpacking/West Village West,158
Penn Station/Madison Sq West,186
Sutton Place/Turtle Bay North,229
East Concourse/Concourse Village,69
Lenox Hill East,140
Kips Bay,137
Boerum Hill,25
UN/Turtle Bay South,233
West Concourse,247
Washington Heights North,243
Clinton West,50
Garment District,100
Financial District North,87
Mount Hope,169
Lincoln Square West,143
Yorkville West,263
Bay Ridge,14
South Ozone Park,216
Upper West Side North,238
Bedford Park,18
East Flatbush/Remsen Village,72
Soundview/Castle Hill,213
Melrose South,159
Flushing,92
East Tremont,78
Steinway,223
Flatlands,91
Sunset Park West,228
Williamsbridge/Olinville,254
University Heights/Morris Heights,235
Norwood,174
Battery Park City,13
Hamilton Heights,116
Brooklyn Heights,33
Woodside,260
East Flatbush/Farragut,71
Downtown Brooklyn/MetroTech,65
Morningside Heights,166
Ocean Hill,177
Van Nest/Morris Park,242
