LocationID,longitude,latitude
1,-74.17400138627238,40.69183011232521
2,-73.83130005059498,40.61674557289316
3,-73.84742177366226,40.864473188810734
4,-73.97696809691621,40.723751540194456
5,-74.18848507307743,40.552658620935304
6,-74.07177041805625,40.60032422233955
7,-73.91969416440043,40.761491926149866
8,-73.92308608610551,40.77855797832824
9,-73.78794894731018,40.751033566943725
10,-73.79098701332514,40.67895233930188
11,-74.0074879610041,40.60427244439089
12,-74.01556334109866,40.702945404051476
13,-74.01607908770592,40.71203749145812
14,-74.02989257930119,40.62483341741767
15,-73.78597302647502,40.78333225698792
16,-73.7734213430122,40.76273674166779
17,-73.94990474718477,40.69150649558427
18,-73.890183667512,40.86768169710327
19,-73.7266556390492,40.735485680675545
20,-73.88586731138831,40.857778885275984
21,-73.9835379748552,40.60142880673965
22,-73.99525874269187,40.6122174014384
23,-74.17088529675294,40.60644812566737
24,-73.96547912319532,40.80197000506559
25,-73.98611365960022,40.685633257491546
26,-73.9886606263467,40.63094893241426
27,-73.90691233568283,40.559134449678
28,-73.80872941622545,40.71159574889735
29,-73.96121684069253,40.58092149012796
30,-73.82192780525477,40.60368630485212
31,-73.87547596096849,40.85774514357254
32,-73.86490087169818,40.86400152279616
33,-73.99524997291579,40.69579763638819
34,-73.97118849549446,40.70085523841419
35,-73.91025783392547,40.66400239681814
36,-73.9177095234613,40.700521468719735
37,-73.9222368522579,40.694993402702586
38,-73.73555440389367,40.69434042166916
39,-73.89973483047997,40.638036396565624
40,-73.99595614226644,40.679198567614804
41,-73.95129182852196,40.804333323455445
42,-73.9407718835631,40.81825672430646
43,-73.96555517265493,40.782476459545244
44,-74.23353613171999,40.52549089042766
45,-73.99815128380202,40.71245880657525
46,-73.78198774286048,40.84908502708328
47,-73.90031679211252,40.84274782905238
48,-73.98984463380468,40.762252049908085
49,-73.96236330714036,40.68796671165343
50,-73.99513507723576,40.76623709408489
51,-73.82826341101214,40.873971876295435
52,-73.99672396676043,40.68665075208901
53,-73.84281303024585,40.780910977651274
54,-74.00291124059223,40.68720020248455
55,-73.98794380632961,40.57696110526678
56,-73.85884532361277,40.7414060161842
58,-73.82039333755917,40.84145132191202
59,-73.89498578088298,40.83854969810147
60,-73.88590012794502,40.83398980020464
61,-73.93928693646026,40.67446920571126
62,-73.94878831329727,40.66654019759787
63,-73.87817291227658,40.68383923597394
64,-73.7393367458354,40.76061368124985
65,-73.98608580922685,40.69533700725102
66,-73.98570143908047,40.702258464445364
67,-74.0138023583928,40.61961871573094
68,-73.99991751678058,40.748426777755405
69,-73.9150298985607,40.83141570129418
70,-73.86839539602231,40.763351401886915
71,-73.93796628102253,40.64428722355921
72,-73.92225109435532,40.652363954307475
73,-73.80729425651334,40.75410814212103
74,-73.93734546230694,40.80116855904873
75,-73.94575002008068,40.790010099480035
76,-73.87682032859912,40.66093356035302
77,-73.89536398494168,40.666558142144005
78,-73.88552139857157,40.844959817621785
79,-73.98593725800136,40.727619586913384
80,-73.93679348509205,40.71536904490185
81,-73.83664438560328,40.880934583699506
82,-73.8771182418676,40.73949455225884
83,-73.89217328348057,40.738323179532586
84,-74.18767986497272,40.52868539814606
85,-73.9516233279193,40.64611573218299
86,-73.75524367121405,40.60243189212709
87,-74.0074957883342,40.70680798106304
88,-74.01151486998491,40.70335745268971
89,-73.96096812758745,40.637899248043546
90,-73.9969712245153,40.742278038328486
91,-73.93009732098176,40.62627204277785
92,-73.8288586430752,40.761100711204364
93,-73.84086530039832,40.74067310643732
94,-73.89953579023309,40.858154663426106
95,-73.84766918479201,40.72143087062858
96,-73.87156137654857,40.69700086632645
97,-73.97488192727519,40.69078610719341
98,-73.77725366396734,40.73446184193987
99,-74.18642117467576,40.5767724148849
100,-73.98878634685092,40.75351217038599
101,-73.71102562340906,40.74599229129239
102,-73.87573709634573,40.70354544399082
103,-74.04528815273694,40.68985977513466
106,-73.99064748886755,40.67351226923787
107,-73.98405192785955,40.73682342425488
108,-73.98143160455264,40.58840336656386
109,-74.15089072307555,40.551861870615454
110,-74.12834354258655,40.54577957724206
111,-73.99023436884156,40.65213684327864
112,-73.94953985600077,40.72950555799535
113,-73.99430449266352,40.73257849687629
114,-73.99737994674842,40.72833985411046
115,-74.08783896409189,40.6179708239285
116,-73.94852161825773,40.82701211556071
117,-73.7896236798251,40.594058457192666
118,-74.13298478352195,40.58655467832247
119,-73.92615739281834,40.83782626996652
120,-73.9301830388628,40.84666645895204
121,-73.80244406680485,40.72833215927266
122,-73.76113717815645,40.710638338456064
123,-73.96433371333775,40.59995356501545
124,-73.8449183059148,40.65824687444377
125,-74.00748558750799,40.72628992015588
126,-73.88553690148994,40.812073552750235
127,-73.91930824408637,40.86607442573871
128,-73.9243697055303,40.87237838946589
129,-73.88531716686686,40.7573109858269
130,-73.79398135276409,40.704368292256824
131,-73.77610132903203,40.72065468341462
132,-73.786530150555,40.64698436628131
133,-73.97619880286386,40.64058957628331
134,-73.82871255016717,40.70805026272772
135,-73.82119512222988,40.72837651566491
136,-73.90591111534405,40.865263568069196
137,-73.97649447841282,40.74043833958882
138,-73.8736284288142,40.77437514616604
139,-73.74423510970438,40.677096720275955
140,-73.9547388423982,40.76548333944988
141,-73.95963478688095,40.766947455827506
142,-73.98153210008745,40.77363265587896
143,-73.9876454292326,40.775964624542496
144,-73.99691839304907,40.72088834178079
145,-73.94889136420674,40.74537869757109
146,-73.93482872612303,40.754241860637634
147,-73.89895639411876,40.819675071779955
148,-73.99089618330311,40.71893779448139
149,-73.94813579159555,40.604913128039314
150,-73.94362892167828,40.580473059632766
151,-73.96816796764816,40.797961466422116
152,-73.95378198907079,40.81797460055961
153,-73.91037847684808,40.87596732674075
154,-73.90259543630269,40.59357067819141
155,-73.91527748073477,40.614590889869376
156,-74.16723434585514,40.6313075708165
157,-73.9023306735786,40.72399415934883
158,-74.00898395410488,40.73503468604606
159,-73.9128491499624,40.81825923634175
160,-73.880051202423,40.71833605673999
161,-73.97769778229288,40.758027399461895
162,-73.97235591714862,40.756686941671994
163,-73.97756832086549,40.764420870266285
164,-73.98515619423324,40.74857395489648
165,-73.95682451037044,40.620923471324446
166,-73.96176346467264,40.809456315241775
167,-73.90235192494784,40.827512011036994
168,-73.91682135545611,40.80734651795231
169,-73.90512230176171,40.849057751559215
170,-73.97849134130094,40.74774513853527
171,-73.80954545137605,40.768350879648686
172,-74.10501915168439,40.57176861427633
173,-73.86303760148317,40.752578482949396
174,-73.87902205824633,40.87713685159281
175,-73.75462204743864,40.74267030986663
176,-74.12258340624484,40.56199391185881
177,-73.91363235241506,40.67664341763747
178,-73.9703257591723,40.61731435955054
179,-73.92833280320959,40.771569561956866
180,-73.84704304397084,40.675594357483554
181,-73.98141426627474,40.67037356101699
182,-73.85798692430247,40.837748057064935
183,-73.8315818648629,40.84917189594048
184,-73.80785831725494,40.868274515938495
185,-73.85439388215148,40.85440439427695
186,-73.99243728054387,40.7484965983886
187,-74.1407887613835,40.62816579457658
188,-73.94744189565975,40.65874424163321
189,-73.96758660822772,40.677634880151764
190,-73.96891379769448,40.66162128635939
191,-73.74153183175444,40.715452979443675
192,-73.815229381821,40.743751120247076
193,-73.94199714485673,40.76031280805392
194,-73.92459653817852,40.790999868736115
195,-74.0091783484519,40.675548268957854
196,-73.86333842618821,40.72615456414307
197,-73.83092448484014,40.69454169265697
198,-73.90170912961153,40.706526169337856
199,-73.88265786867692,40.79113219192246
200,-73.90698736246745,40.89952795847699
201,-73.8434546665996,40.577982423682975
202,-73.94995250901245,40.76189870638557
203,-73.73947426605032,40.65785159348383
204,-74.20782633766407,40.54033292861423
205,-73.76314638043442,40.69120002152517
206,-74.10231448191689,40.638972921799166
207,-73.89935242922557,40.76398483446942
208,-73.82353896872594,40.82331715898944
209,-74.00366431896066,40.7090722607075
210,-73.94050746825633,40.59202328403454
211,-74.00153738622468,40.72388757677251
212,-73.86967995832318,40.82790176764516
213,-73.85813492907864,40.81785812742239
214,-74.0855126589004,40.58678618255626
215,-73.79096502686893,40.69442676074992
216,-73.81945966887841,40.6761529751015
217,-73.95859672937166,40.70391593168995
218,-73.7730358575979,40.67208910289741
219,-73.76450535543216,40.66218473801039
220,-73.91066473993713,40.88240269359515
221,-74.07370346784535,40.61876794148682
222,-73.88241288548672,40.64752638452626
223,-73.90540723993595,40.777425997407974
224,-73.97659739896895,40.73182002928329
225,-73.93188774325893,40.68816752944304
226,-73.92467262943985,40.73769725609221
227,-74.0046526133707,40.64188580330356
228,-74.01127289375856,40.652353822117504
229,-73.96514558738956,40.756728297866324
230,-73.98419629996178,40.7598170009371
231,-74.00787947243188,40.717772159208046
232,-73.98302452983464,40.714731957175864
233,-73.9704423734757,40.74991338603123
234,-73.99045767416112,40.740336818876294
235,-73.91597563385105,40.85252046623772
236,-73.957011704106,40.78043571518905
237,-73.96563449518534,40.76861447337675
238,-73.97304858188282,40.79170437688446
239,-73.97863166507607,40.783960878966745
240,-73.88197726427191,40.894598220115796
241,-73.89562004253389,40.87651165473252
242,-73.85067119492659,40.84678260105803
243,-73.93283150973461,40.857107544492315
244,-73.9413990935137,40.84170795917971
245,-74.10286029241341,40.630049035915356
246,-74.00401522931482,40.753308223919475
247,-73.92440974289835,40.828986913194676
248,-73.87228952703794,40.83416474537906
249,-74.00287478437944,40.73457538224023
250,-73.848640882231,40.83210078158579
251,-74.12534794779842,40.6168800251216
252,-73.81565697470342,40.78819242797384
253,-73.84124403839752,40.76062997795137
254,-73.85894858301965,40.88215615951764
255,-73.95741799903575,40.71880332024791
256,-73.95990445316505,40.71087946812129
257,-73.97798213604382,40.65361125179132
258,-73.85576684520184,40.68872054521105
259,-73.85221507735194,40.89793162870983
260,-73.90630705433507,40.74423288564698
261,-74.01302266265675,40.7091384408997
262,-73.94651027083967,40.77593169638859
263,-73.95100985225696,40.77876514921805
