Month,New York City Regular All Formulations Retail Gasoline Prices Dollars per Gallon
Feb-25,3.008
Jan-25,2.995
Dec-24,2.926
Nov-24,2.923
Oct-24,2.979
Sep-24,3.117
Aug-24,3.329
Jul-24,3.439
Jun-24,3.42
May-24,3.563
Apr-24,3.423
Mar-24,3.234
Feb-24,3.143
Jan-24,3.073
Dec-23,3.186
Nov-23,3.334
Oct-23,3.541
Sep-23,3.715
Aug-23,3.746
Jul-23,3.55
Jun-23,3.497
May-23,3.477
Apr-23,3.433
Mar-23,3.264
Feb-23,3.292
Jan-23,3.306
Dec-22,3.297
Nov-22,3.74
Oct-22,3.523
Sep-22,3.513
Aug-22,4.032
Jul-22,4.541
Jun-22,4.897
May-22,4.591
Apr-22,4.025
Mar-22,4.241
Feb-22,3.582
Jan-22,3.355
Dec-21,3.389
Nov-21,3.437
Oct-21,3.309
Sep-21,3.193
Aug-21,3.123
Jul-21,3.105
Jun-21,3.034
May-21,2.963
Apr-21,2.794
Mar-21,2.794
Feb-21,2.547
Jan-21,2.372
Dec-20,2.193
Nov-20,2.089
Oct-20,2.121
Sep-20,2.126
Aug-20,2.118
Jul-20,2.127
Jun-20,2.081
May-20,1.999
Apr-20,2.044
Mar-20,2.303
Feb-20,2.457
Jan-20,2.572
Dec-19,2.532
Nov-19,2.542
Oct-19,2.524
Sep-19,2.578
Aug-19,2.696
Jul-19,2.776
Jun-19,2.762
May-19,2.897
Apr-19,2.777
Mar-19,2.538
Feb-19,2.359
Jan-19,2.378
Dec-18,2.486
Nov-18,2.697
Oct-18,2.867
Sep-18,2.866
Aug-18,2.878
Jul-18,2.894
Jun-18,2.938
May-18,2.97
Apr-18,2.774
Mar-18,2.602
Feb-18,2.67
Jan-18,2.611
Dec-17,2.545
Nov-17,2.596
Oct-17,2.558
Sep-17,2.761
Aug-17,2.428
Jul-17,2.356
Jun-17,2.393
May-17,2.42
Apr-17,2.417
Mar-17,2.336
Feb-17,2.387
Jan-17,2.456
Dec-16,2.361
Nov-16,2.29
Oct-16,2.185
Sep-16,2.157
Aug-16,2.137
Jul-16,2.222
Jun-16,2.284
May-16,2.232
Apr-16,2.061
Mar-16,1.847
Feb-16,1.78
Jan-16,1.945
Dec-15,2.064
Nov-15,2.129
Oct-15,2.148
Sep-15,2.27
Aug-15,2.543
Jul-15,2.758
Jun-15,2.753
May-15,2.68
Apr-15,2.444
Mar-15,2.403
Feb-15,2.225
Jan-15,2.264
Dec-14,2.723
Nov-14,3.009
Oct-14,3.236
Sep-14,3.425
Aug-14,3.538
Jul-14,3.717
Jun-14,3.752
May-14,3.729
Apr-14,3.663
Mar-14,3.591
Feb-14,3.471
Jan-14,3.477
Dec-13,3.493
Nov-13,3.37
Oct-13,3.415
Sep-13,3.639
Aug-13,3.715
Jul-13,3.692
Jun-13,3.595
May-13,3.577
Apr-13,3.589
Mar-13,3.741
Feb-13,3.764
Jan-13,3.537
Dec-12,3.568
Nov-12,3.709
Oct-12,3.863
Sep-12,3.923
Aug-12,3.79
Jul-12,3.559
Jun-12,3.556
May-12,3.781
Apr-12,3.94
Mar-12,3.83
Feb-12,3.689
Jan-12,3.484
Dec-11,3.35
Nov-11,3.46
Oct-11,3.526
Sep-11,3.697
Aug-11,3.773
Jul-11,3.782
Jun-11,3.813
May-11,4.021
Apr-11,3.813
Mar-11,3.584
Feb-11,3.274
Jan-11,3.189
Dec-10,3.112
Nov-10,2.953
Oct-10,2.812
Sep-10,2.648
Aug-10,2.72
Jul-10,2.76
Jun-10,2.777
May-10,2.9
Apr-10,2.82
Mar-10,2.749
Feb-10,2.709
Jan-10,2.739
Dec-09,2.656
Nov-09,2.686
Oct-09,2.549
Sep-09,2.63
Aug-09,2.667
Jul-09,2.602
Jun-09,2.629
May-09,2.261
Apr-09,2.019
Mar-09,1.93
Feb-09,1.911
Jan-09,1.733
Dec-08,1.778
Nov-08,2.287
Oct-08,3.058
Sep-08,3.606
Aug-08,3.828
Jul-08,4.137
Jun-08,4.127
May-08,3.812
Apr-08,3.398
Mar-08,3.184
Feb-08,3.038
Jan-08,3.092
Dec-07,3.073
Nov-07,3.032
Oct-07,2.728
Sep-07,2.705
Aug-07,2.797
Jul-07,2.987
Jun-07,3.077
May-07,3.079
Apr-07,2.84
Mar-07,2.587
Feb-07,2.253
Jan-07,2.309
Dec-06,2.339
Nov-06,2.197
Oct-06,2.239
Sep-06,2.652
Aug-06,3.038
Jul-06,3.114
Jun-06,3.031
May-06,3.025
Apr-06,2.755
Mar-06,2.386
Feb-06,2.33
Jan-06,2.404
Dec-05,2.215
Nov-05,2.3
Oct-05,2.736
Sep-05,3.093
Aug-05,2.522
Jul-05,2.365
Jun-05,2.19
May-05,2.2
Apr-05,2.177
Mar-05,1.997
Feb-05,1.895
Jan-05,1.876
Dec-04,1.938
Nov-04,2.019
Oct-04,2.012
Sep-04,1.912
Aug-04,1.974
Jul-04,2.034
Jun-04,2.108
May-04,2.006
Apr-04,1.775
Mar-04,1.743
Feb-04,1.681
Jan-04,1.619
Dec-03,1.59
Nov-03,1.645
Oct-03,1.717
Sep-03,1.8
Aug-03,1.617
Jul-03,1.517
Jun-03,1.509
May-03,1.585
Apr-03,1.661
Mar-03,1.708
Feb-03,1.652
Jan-03,1.552
Dec-02,1.52
Nov-02,1.515
Oct-02,1.496
Sep-02,1.484
Aug-02,1.475
Jul-02,1.438
Jun-02,1.441
May-02,1.456
Apr-02,1.423
Mar-02,1.245
Feb-02,1.158
Jan-02,1.158
Dec-01,1.155
Nov-01,1.262
Oct-01,1.402
Sep-01,1.503
Aug-01,1.545
Jul-01,1.652
Jun-01,1.772
May-01,1.76
Apr-01,1.559
Mar-01,1.475
Feb-01,1.505
Jan-01,1.519
Dec-00,1.569
Nov-00,1.605
Oct-00,1.611
Sep-00,1.629
Aug-00,1.638
Jul-00,1.696
Jun-00,1.663
