location_pair,PULocationID,DOLocationID,PU_Borough,DO_Borough,pickup_date,hour_of_day,time_window,market,bigger_market_borough,ride_count,trip_price,trip_time,trip_miles,passenger_wait_time,trip_price_iv,geo_miles
100-100,100,100,Manhattan,Manhattan,2024-02-01,5,05-06,100-100-2024-02-01-05-06,Manhattan-2024-02-01-05-06,0.0,7.925000000000001,340.0,0.065,271.0,17.66251872659176,0.0
100-100,100,100,Manhattan,Manhattan,2024-02-01,6,06-07,100-100-2024-02-01-06-07,Manhattan-2024-02-01-06-07,1.0,9.09,348.0,0.7,192.0,17.43563053097345,0.0
100-100,100,100,Manhattan,Manhattan,2024-02-01,7,07-08,100-100-2024-02-01-07-08,Manhattan-2024-02-01-07-08,0.0,12.667,436.2,0.661,221.7,19.758840094525404,0.0
100-100,100,100,Manhattan,Manhattan,2024-02-01,8,08-09,100-100-2024-02-01-08-09,Manhattan-2024-02-01-08-09,0.0,10.968333333333334,597.9583333333334,0.7454166666666666,149.25,22.0620551515983,0.0
100-100,100,100,Manhattan,Manhattan,2024-02-01,9,09-10,100-100-2024-02-01-09-10,Manhattan-2024-02-01-09-10,0.0,26.54111111111111,1298.2777777777776,3.001111111111111,219.0,21.844660562046098,0.0
100-100,100,100,Manhattan,Manhattan,2024-02-01,10,10-11,100-100-2024-02-01-10-11,Manhattan-2024-02-01-10-11,0.0,21.130277777777778,1419.9166666666667,1.6455555555555554,147.5,22.82578785391875,0.0
100-100,100,100,Manhattan,Manhattan,2024-02-01,11,11-12,100-100-2024-02-01-11-12,Manhattan-2024-02-01-11-12,0.0,15.308333333333335,808.1666666666666,0.68,169.5,23.586706623323852,0.0
100-100,100,100,Manhattan,Manhattan,2024-02-01,12,12-13,100-100-2024-02-01-12-13,Manhattan-2024-02-01-12-13,0.0,14.3625,588.0,0.48,252.5,23.28928834355828,0.0
100-100,100,100,Manhattan,Manhattan,2024-02-01,13,13-14,100-100-2024-02-01-13-14,Manhattan-2024-02-01-13-14,0.0,17.245,1140.6666666666667,1.0533333333333335,292.0,22.89849550115087,0.0
100-100,100,100,Manhattan,Manhattan,2024-02-01,14,14-15,100-100-2024-02-01-14-15,Manhattan-2024-02-01-14-15,1.0,13.72,645.0,0.3,234.0,23.16722444089457,0.0
100-100,100,100,Manhattan,Manhattan,2024-02-01,15,15-16,100-100-2024-02-01-15-16,Manhattan-2024-02-01-15-16,1.0,9.12,239.0,0.23,166.0,23.171440120323368,0.0
100-100,100,100,Manhattan,Manhattan,2024-02-01,16,16-17,100-100-2024-02-01-16-17,Manhattan-2024-02-01-16-17,2.0,15.445,452.0,0.535,189.0,23.25813148180699,0.0
100-100,100,100,Manhattan,Manhattan,2024-02-01,17,17-18,100-100-2024-02-01-17-18,Manhattan-2024-02-01-17-18,2.0,13.76,486.5,0.5549999999999999,228.0,23.528587026332694,0.0
100-100,100,100,Manhattan,Manhattan,2024-02-01,18,18-19,100-100-2024-02-01-18-19,Manhattan-2024-02-01-18-19,0.0,16.619999999999997,317.5,0.435,268.5,23.266926045016078,0.0
100-100,100,100,Manhattan,Manhattan,2024-02-01,19,19-20,100-100-2024-02-01-19-20,Manhattan-2024-02-01-19-20,1.0,9.99,783.0,0.82,285.0,22.11970605665521,0.0
100-100,100,100,Manhattan,Manhattan,2024-02-01,20,20-21,100-100-2024-02-01-20-21,Manhattan-2024-02-01-20-21,1.0,7.31,239.0,0.32,140.0,22.531677534842093,0.0
100-100,100,100,Manhattan,Manhattan,2024-02-01,21,21-22,100-100-2024-02-01-21-22,Manhattan-2024-02-01-21-22,0.0,53.448750000000004,558.375,1.065,584.875,23.608696480752126,0.0
100-100,100,100,Manhattan,Manhattan,2024-02-01,22,22-23,100-100-2024-02-01-22-23,Manhattan-2024-02-01-22-23,2.0,7.635,107.5,0.05,501.0,24.411780802292267,0.0
100-100,100,100,Manhattan,Manhattan,2024-02-01,23,23-00,100-100-2024-02-01-23-00,Manhattan-2024-02-01-23-00,1.0,7.45,101.0,0.14,212.0,22.179446547683433,0.0
100-100,100,100,Manhattan,Manhattan,2024-02-01,0,00-01,100-100-2024-02-01-00-01,Manhattan-2024-02-01-00-01,1.0,9.64,376.0,0.65,160.0,20.65427863981512,0.0
100-100,100,100,Manhattan,Manhattan,2024-02-01,1,01-02,100-100-2024-02-01-01-02,Manhattan-2024-02-01-01-02,0.0,18.23,260.5,0.44000000000000006,230.5,19.97357957631722,0.0
100-100,100,100,Manhattan,Manhattan,2024-02-02,5,05-06,100-100-2024-02-02-05-06,Manhattan-2024-02-02-05-06,0.0,7.925000000000001,340.0,0.065,271.0,17.868984063745017,0.0
100-100,100,100,Manhattan,Manhattan,2024-02-02,6,06-07,100-100-2024-02-02-06-07,Manhattan-2024-02-02-06-07,0.0,7.6838461538461535,256.3076923076923,0.6015384615384616,129.84615384615384,17.837359832635983,0.0
100-100,100,100,Manhattan,Manhattan,2024-02-02,7,07-08,100-100-2024-02-02-07-08,Manhattan-2024-02-02-07-08,1.0,8.24,217.0,0.42,28.0,20.13915688830943,0.0
100-100,100,100,Manhattan,Manhattan,2024-02-02,8,08-09,100-100-2024-02-02-08-09,Manhattan-2024-02-02-08-09,1.0,11.74,382.0,0.42,79.0,20.22753282541741,0.0
100-100,100,100,Manhattan,Manhattan,2024-02-02,9,09-10,100-100-2024-02-02-09-10,Manhattan-2024-02-02-09-10,2.0,9.96,322.5,0.405,-869.0,20.177276224293532,0.0
100-100,100,100,Manhattan,Manhattan,2024-02-02,10,10-11,100-100-2024-02-02-10-11,Manhattan-2024-02-02-10-11,3.0,18.33666666666667,488.0,0.5499999999999999,187.33333333333334,21.62527300824176,0.0
100-100,100,100,Manhattan,Manhattan,2024-02-02,11,11-12,100-100-2024-02-02-11-12,Manhattan-2024-02-02-11-12,0.0,62.08277777777778,3454.555555555555,10.52111111111111,156.5,21.986711420802173,0.0
100-100,100,100,Manhattan,Manhattan,2024-02-02,12,12-13,100-100-2024-02-02-12-13,Manhattan-2024-02-02-12-13,1.0,31.51,651.0,0.55,371.0,21.73411040904556,0.0
100-100,100,100,Manhattan,Manhattan,2024-02-02,13,13-14,100-100-2024-02-02-13-14,Manhattan-2024-02-02-13-14,1.0,9.09,412.0,0.43,180.0,21.776560088202867,0.0
100-100,100,100,Manhattan,Manhattan,2024-02-02,14,14-15,100-100-2024-02-02-14-15,Manhattan-2024-02-02-14-15,0.0,17.09916666666667,369.41666666666663,0.2808333333333333,191.5,22.590256887565154,0.0
100-100,100,100,Manhattan,Manhattan,2024-02-02,15,15-16,100-100-2024-02-02-15-16,Manhattan-2024-02-02-15-16,3.0,17.19333333333333,343.6666666666667,0.43333333333333335,245.0,22.966433955491745,0.0
100-100,100,100,Manhattan,Manhattan,2024-02-02,16,16-17,100-100-2024-02-02-16-17,Manhattan-2024-02-02-16-17,0.0,14.618333333333334,815.2333333333332,0.9693333333333333,335.93333333333334,22.38864971287941,0.0
100-100,100,100,Manhattan,Manhattan,2024-02-02,17,17-18,100-100-2024-02-02-17-18,Manhattan-2024-02-02-17-18,2.0,11.504999999999999,401.5,0.45,360.0,22.415686838321786,0.0
100-100,100,100,Manhattan,Manhattan,2024-02-02,18,18-19,100-100-2024-02-02-18-19,Manhattan-2024-02-02-18-19,1.0,14.74,328.0,0.34,210.0,21.776995535228142,0.0
100-100,100,100,Manhattan,Manhattan,2024-02-02,19,19-20,100-100-2024-02-02-19-20,Manhattan-2024-02-02-19-20,2.0,8.7,252.5,0.315,205.0,20.836168695321415,0.0
100-100,100,100,Manhattan,Manhattan,2024-02-02,20,20-21,100-100-2024-02-02-20-21,Manhattan-2024-02-02-20-21,1.0,9.16,246.0,0.42,98.0,20.593324419724034,0.0
100-100,100,100,Manhattan,Manhattan,2024-02-02,21,21-22,100-100-2024-02-02-21-22,Manhattan-2024-02-02-21-22,3.0,13.206666666666669,584.6666666666666,0.7033333333333333,317.3333333333333,21.17314177127721,0.0
100-100,100,100,Manhattan,Manhattan,2024-02-02,22,22-23,100-100-2024-02-02-22-23,Manhattan-2024-02-02-22-23,0.0,6.763333333333333,320.16666666666663,0.43333333333333335,205.5,21.71887923544744,0.0
100-100,100,100,Manhattan,Manhattan,2024-02-02,23,23-00,100-100-2024-02-02-23-00,Manhattan-2024-02-02-23-00,0.0,9.907499999999999,261.5,0.215,518.25,21.632184147142542,0.0
100-100,100,100,Manhattan,Manhattan,2024-02-02,0,00-01,100-100-2024-02-02-00-01,Manhattan-2024-02-02-00-01,0.0,18.58,244.0,0.66,134.0,20.886386651323363,0.0
100-100,100,100,Manhattan,Manhattan,2024-02-02,1,01-02,100-100-2024-02-02-01-02,Manhattan-2024-02-02-01-02,0.0,12.895,317.5,0.3725,197.0,19.644107323658453,0.0
100-100,100,100,Manhattan,Manhattan,2024-02-03,5,05-06,100-100-2024-02-03-05-06,Manhattan-2024-02-03-05-06,0.0,7.925000000000001,340.0,0.065,271.0,18.65785864978903,0.0
100-100,100,100,Manhattan,Manhattan,2024-02-03,6,06-07,100-100-2024-02-03-06-07,Manhattan-2024-02-03-06-07,0.0,7.6838461538461535,256.3076923076923,0.6015384615384616,129.84615384615384,17.30623308270677,0.0
100-100,100,100,Manhattan,Manhattan,2024-02-03,7,07-08,100-100-2024-02-03-07-08,Manhattan-2024-02-03-07-08,0.0,11.99,656.0,1.27,141.0,17.06914821124361,0.0
100-100,100,100,Manhattan,Manhattan,2024-02-03,8,08-09,100-100-2024-02-03-08-09,Manhattan-2024-02-03-08-09,1.0,10.27,517.0,0.57,369.0,17.039657974940738,0.0
100-100,100,100,Manhattan,Manhattan,2024-02-03,9,09-10,100-100-2024-02-03-09-10,Manhattan-2024-02-03-09-10,0.0,7.906666666666666,248.33333333333334,0.3833333333333333,145.5,17.47736170212766,0.0
100-100,100,100,Manhattan,Manhattan,2024-02-03,10,10-11,100-100-2024-02-03-10-11,Manhattan-2024-02-03-10-11,3.0,21.666666666666668,1197.6666666666667,2.3666666666666667,168.0,18.235053578262534,0.0
100-100,100,100,Manhattan,Manhattan,2024-02-03,11,11-12,100-100-2024-02-03-11-12,Manhattan-2024-02-03-11-12,1.0,5.52,378.0,0.62,117.0,19.27323835441012,0.0
100-100,100,100,Manhattan,Manhattan,2024-02-03,12,12-13,100-100-2024-02-03-12-13,Manhattan-2024-02-03-12-13,1.0,13.87,271.0,0.53,90.0,19.807126911314985,0.0
100-100,100,100,Manhattan,Manhattan,2024-02-03,13,13-14,100-100-2024-02-03-13-14,Manhattan-2024-02-03-13-14,2.0,20.880000000000003,814.0,1.115,219.5,20.59569772625947,0.0
100-100,100,100,Manhattan,Manhattan,2024-02-03,14,14-15,100-100-2024-02-03-14-15,Manhattan-2024-02-03-14-15,4.0,10.6225,675.25,1.0825,137.25,21.09225935009197,0.0
100-100,100,100,Manhattan,Manhattan,2024-02-03,15,15-16,100-100-2024-02-03-15-16,Manhattan-2024-02-03-15-16,2.0,10.795,467.5,0.575,141.5,21.564281331492563,0.0
100-100,100,100,Manhattan,Manhattan,2024-02-03,16,16-17,100-100-2024-02-03-16-17,Manhattan-2024-02-03-16-17,1.0,13.38,583.0,0.83,102.0,22.457245712789632,0.0
100-100,100,100,Manhattan,Manhattan,2024-02-03,17,17-18,100-100-2024-02-03-17-18,Manhattan-2024-02-03-17-18,0.0,22.7525,1127.25,3.6975,117.5,22.612913787243684,0.0
100-100,100,100,Manhattan,Manhattan,2024-02-03,18,18-19,100-100-2024-02-03-18-19,Manhattan-2024-02-03-18-19,3.0,13.550000000000002,853.3333333333334,0.7433333333333333,181.66666666666666,22.814217778203044,0.0
100-100,100,100,Manhattan,Manhattan,2024-02-03,19,19-20,100-100-2024-02-03-19-20,Manhattan-2024-02-03-19-20,1.0,9.09,462.0,0.51,53.0,22.711009615384615,0.0
100-100,100,100,Manhattan,Manhattan,2024-02-03,20,20-21,100-100-2024-02-03-20-21,Manhattan-2024-02-03-20-21,2.0,21.08,420.0,0.8400000000000001,110.5,21.771368078175893,0.0
100-100,100,100,Manhattan,Manhattan,2024-02-03,21,21-22,100-100-2024-02-03-21-22,Manhattan-2024-02-03-21-22,1.0,12.67,376.0,0.52,221.0,21.597347177848775,0.0
100-100,100,100,Manhattan,Manhattan,2024-02-03,22,22-23,100-100-2024-02-03-22-23,Manhattan-2024-02-03-22-23,3.0,19.88,1518.3333333333333,2.2333333333333334,281.6666666666667,22.11360186286167,0.0
100-100,100,100,Manhattan,Manhattan,2024-02-03,23,23-00,100-100-2024-02-03-23-00,Manhattan-2024-02-03-23-00,2.0,33.315,1843.0,7.28,632.5,23.424353993216158,0.0
100-100,100,100,Manhattan,Manhattan,2024-02-03,0,00-01,100-100-2024-02-03-00-01,Manhattan-2024-02-03-00-01,0.0,9.513333333333334,362.0,0.5533333333333333,461.6666666666667,21.241413369713506,0.0
100-100,100,100,Manhattan,Manhattan,2024-02-03,1,01-02,100-100-2024-02-03-01-02,Manhattan-2024-02-03-01-02,0.0,17.006666666666664,268.66666666666663,0.6183333333333334,270.0,20.615568654646324,0.0
100-100,100,100,Manhattan,Manhattan,2024-02-04,5,05-06,100-100-2024-02-04-05-06,Manhattan-2024-02-04-05-06,0.0,9.16,499.0,0.01,368.0,18.75721638655462,0.0
100-100,100,100,Manhattan,Manhattan,2024-02-04,6,06-07,100-100-2024-02-04-06-07,Manhattan-2024-02-04-06-07,0.0,5.39,192.0,0.56,70.0,17.704408260524225,0.0
100-100,100,100,Manhattan,Manhattan,2024-02-04,7,07-08,100-100-2024-02-04-07-08,Manhattan-2024-02-04-07-08,0.0,10.17,315.0,0.79,133.0,16.213524641297568,0.0
100-100,100,100,Manhattan,Manhattan,2024-02-04,8,08-09,100-100-2024-02-04-08-09,Manhattan-2024-02-04-08-09,1.0,8.21,387.0,0.83,191.0,16.143220058019065,0.0
100-100,100,100,Manhattan,Manhattan,2024-02-04,9,09-10,100-100-2024-02-04-09-10,Manhattan-2024-02-04-09-10,1.0,5.52,147.0,0.26,168.0,16.682157619178838,0.0
100-100,100,100,Manhattan,Manhattan,2024-02-04,10,10-11,100-100-2024-02-04-10-11,Manhattan-2024-02-04-10-11,0.0,13.41,311.0,0.42000000000000004,105.0,17.43884374368304,0.0
100-100,100,100,Manhattan,Manhattan,2024-02-04,11,11-12,100-100-2024-02-04-11-12,Manhattan-2024-02-04-11-12,3.0,8.116666666666665,264.6666666666667,0.7200000000000001,73.33333333333333,18.26029600570613,0.0
100-100,100,100,Manhattan,Manhattan,2024-02-04,12,12-13,100-100-2024-02-04-12-13,Manhattan-2024-02-04-12-13,0.0,8.823333333333332,329.3333333333333,0.5066666666666667,146.0,19.41449939893526,0.0
100-100,100,100,Manhattan,Manhattan,2024-02-04,13,13-14,100-100-2024-02-04-13-14,Manhattan-2024-02-04-13-14,2.0,6.385,315.5,0.375,64.5,20.186241351568782,0.0
100-100,100,100,Manhattan,Manhattan,2024-02-04,14,14-15,100-100-2024-02-04-14-15,Manhattan-2024-02-04-14-15,1.0,10.52,218.0,0.43,120.0,21.161594176524112,0.0
100-100,100,100,Manhattan,Manhattan,2024-02-04,15,15-16,100-100-2024-02-04-15-16,Manhattan-2024-02-04-15-16,0.0,8.5,491.5,0.53,392.0,21.11492674350459,0.0
100-100,100,100,Manhattan,Manhattan,2024-02-04,16,16-17,100-100-2024-02-04-16-17,Manhattan-2024-02-04-16-17,1.0,81.17,5953.0,17.76,266.0,21.743517318021855,0.0
100-100,100,100,Manhattan,Manhattan,2024-02-04,17,17-18,100-100-2024-02-04-17-18,Manhattan-2024-02-04-17-18,0.0,8.43,484.5,0.5275,235.25,22.00806390328152,0.0
100-100,100,100,Manhattan,Manhattan,2024-02-04,18,18-19,100-100-2024-02-04-18-19,Manhattan-2024-02-04-18-19,0.0,10.015,197.5,0.245,317.0,21.564018612521153,0.0
100-100,100,100,Manhattan,Manhattan,2024-02-04,19,19-20,100-100-2024-02-04-19-20,Manhattan-2024-02-04-19-20,1.0,10.59,679.0,1.19,221.0,20.2652880921895,0.0
100-100,100,100,Manhattan,Manhattan,2024-02-04,20,20-21,100-100-2024-02-04-20-21,Manhattan-2024-02-04-20-21,2.0,9.61,492.0,0.595,270.0,19.639356867518767,0.0
100-100,100,100,Manhattan,Manhattan,2024-02-04,21,21-22,100-100-2024-02-04-21-22,Manhattan-2024-02-04-21-22,1.0,9.14,119.0,0.37,73.0,19.515272161741837,0.0
100-100,100,100,Manhattan,Manhattan,2024-02-04,22,22-23,100-100-2024-02-04-22-23,Manhattan-2024-02-04-22-23,1.0,7.37,278.0,0.3,193.0,19.231444141689376,0.0
100-100,100,100,Manhattan,Manhattan,2024-02-04,23,23-00,100-100-2024-02-04-23-00,Manhattan-2024-02-04-23-00,0.0,10.795533333333333,348.21333333333337,0.7670666666666667,279.44,18.634905228758168,0.0
100-100,100,100,Manhattan,Manhattan,2024-02-04,0,00-01,100-100-2024-02-04-00-01,Manhattan-2024-02-04-00-01,1.0,8.24,178.0,0.27,364.0,26.0311017704751,0.0
100-100,100,100,Manhattan,Manhattan,2024-02-04,1,01-02,100-100-2024-02-04-01-02,Manhattan-2024-02-04-01-02,4.0,9.01,237.5,0.5375,364.25,23.289695940481966,0.0
100-100,100,100,Manhattan,Manhattan,2024-02-05,5,05-06,100-100-2024-02-05-05-06,Manhattan-2024-02-05-05-06,0.0,6.69,181.0,0.12,174.0,16.893136033229492,0.0
100-100,100,100,Manhattan,Manhattan,2024-02-05,6,06-07,100-100-2024-02-05-06-07,Manhattan-2024-02-05-06-07,0.0,7.6838461538461535,256.3076923076923,0.6015384615384616,129.84615384615384,17.49239214175655,0.0
100-100,100,100,Manhattan,Manhattan,2024-02-05,7,07-08,100-100-2024-02-05-07-08,Manhattan-2024-02-05-07-08,0.0,12.667,436.2,0.661,221.7,19.09521548117155,0.0
100-100,100,100,Manhattan,Manhattan,2024-02-05,8,08-09,100-100-2024-02-05-08-09,Manhattan-2024-02-05-08-09,0.0,7.695,426.5,0.395,153.0,20.278180592991912,0.0
100-100,100,100,Manhattan,Manhattan,2024-02-05,9,09-10,100-100-2024-02-05-09-10,Manhattan-2024-02-05-09-10,2.0,32.365,1595.5,2.86,164.5,20.772835848027633,0.0
100-100,100,100,Manhattan,Manhattan,2024-02-05,10,10-11,100-100-2024-02-05-10-11,Manhattan-2024-02-05-10-11,0.0,14.6375,933.0,1.2325,86.0,21.681268777443957,0.0
100-100,100,100,Manhattan,Manhattan,2024-02-05,11,11-12,100-100-2024-02-05-11-12,Manhattan-2024-02-05-11-12,0.0,8.411666666666667,285.3333333333333,0.4583333333333333,193.16666666666666,21.967000470145745,0.0
100-100,100,100,Manhattan,Manhattan,2024-02-05,12,12-13,100-100-2024-02-05-12-13,Manhattan-2024-02-05-12-13,1.0,7.32,127.0,0.24,78.0,21.791934870454003,0.0
100-100,100,100,Manhattan,Manhattan,2024-02-05,13,13-14,100-100-2024-02-05-13-14,Manhattan-2024-02-05-13-14,4.0,15.2625,491.25,0.7,74.75,21.228078070611637,0.0
100-100,100,100,Manhattan,Manhattan,2024-02-05,14,14-15,100-100-2024-02-05-14-15,Manhattan-2024-02-05-14-15,0.0,54.975,1545.0,10.545,172.5,21.93410786516854,0.0
100-100,100,100,Manhattan,Manhattan,2024-02-05,15,15-16,100-100-2024-02-05-15-16,Manhattan-2024-02-05-15-16,2.0,9.58,421.5,0.5900000000000001,103.0,21.559568894389436,0.0
100-100,100,100,Manhattan,Manhattan,2024-02-05,16,16-17,100-100-2024-02-05-16-17,Manhattan-2024-02-05-16-17,1.0,8.27,255.0,0.5,228.0,21.555477642276422,0.0
100-100,100,100,Manhattan,Manhattan,2024-02-05,17,17-18,100-100-2024-02-05-17-18,Manhattan-2024-02-05-17-18,0.0,11.855,405.5,0.245,402.5,21.642641827660228,0.0
100-100,100,100,Manhattan,Manhattan,2024-02-05,18,18-19,100-100-2024-02-05-18-19,Manhattan-2024-02-05-18-19,2.0,9.99,220.0,0.375,267.5,21.051652686762775,0.0
100-100,100,100,Manhattan,Manhattan,2024-02-05,19,19-20,100-100-2024-02-05-19-20,Manhattan-2024-02-05-19-20,4.0,13.532499999999999,693.0,0.9775,208.0,20.06710510328068,0.0
100-100,100,100,Manhattan,Manhattan,2024-02-05,20,20-21,100-100-2024-02-05-20-21,Manhattan-2024-02-05-20-21,1.0,9.13,366.0,0.66,101.0,20.20610579115367,0.0
