zone_id,elasticity,ci_lower,ci_upper,std_error,latitude,longitude,sample_size,tensor_sample_size,computation_time_seconds
7,2.009371766597926,,,,40.761491926149866,-73.91969416440043,105936,105936,0.7431094646453857
13,-2.7302537884678024,,,,40.7120374914581,-74.01607908770596,70411,70411,0.6812160015106201
14,1.4123303439376684,,,,40.62483341741767,-74.02989257930119,57763,57763,0.666698694229126
17,-2.829142475271116,,,,40.69150649558427,-73.94990474718476,88227,88227,0.6726388931274414
18,4.454891337807702,,,,40.867681697103265,-73.890183667512,31082,31082,0.6840198040008545
25,-0.2857615735375586,,,,40.68563325749154,-73.98611365960026,88798,88798,0.6655726432800293
26,3.627517577751858,,,,40.63094893241426,-73.9886606263467,28253,28253,0.6898994445800781
33,-0.6415853646771396,,,,40.69579763638819,-73.99524997291577,85153,85153,0.6824250221252441
35,-4.246808739218221,,,,40.664002396818134,-73.91025783392547,41756,41756,0.6812970638275146
36,-0.9593475226954072,,,,40.700521468719735,-73.91770952346131,93960,93960,0.6803724765777588
37,-1.0124993717273567,,,,40.6949934027026,-73.92223685225792,105038,105038,0.6755673885345459
39,-1.4669741366411724,,,,40.63803639656562,-73.89973483047996,34978,34978,0.694453239440918
41,-12.036407389308927,,,,40.80433332345546,-73.951291828522,87297,87297,0.674860954284668
42,-18.843041427148133,,,,40.81825672430648,-73.9407718835631,100954,100954,0.6702742576599121
48,-4.754116927177176,,,,40.76225204990806,-73.98984463380467,103717,103717,0.6848523616790771
49,-2.8971046428499676,,,,40.687966711653424,-73.96236330714034,86104,86104,0.6680746078491211
50,-1.250455338805882,,,,40.76623709408489,-73.99513507723576,84498,84498,0.6689937114715576
61,-0.33628791299531996,,,,40.67446920571126,-73.93928693646025,97876,97876,0.6778864860534668
65,-1.4954941976102463,,,,40.69533700725102,-73.98608580922686,85245,85245,0.7109036445617676
68,-3.207820607883781,,,,40.748426777755405,-73.99991751678057,99657,99657,0.6696605682373047
69,3.5088740138019663,,,,40.83141570129418,-73.91502989856073,48013,48013,0.6824195384979248
71,-3.6347391497156116,,,,40.64428722355921,-73.93796628102253,36080,36080,0.6836445331573486
72,221.87236872530636,,,,40.65236395430748,-73.92225109435529,37407,37407,0.68440842628479
74,19.63608915430415,,,,40.80116855904873,-73.93734546230691,91620,91620,0.669034481048584
75,-3.527608571781686,,,,40.79001009948002,-73.9457500200807,103351,103351,0.6856021881103516
76,0.9517563003610394,,,,40.66093356035302,-73.87682032859912,53549,53549,0.6966032981872559
78,1.5010636720200279,,,,40.84495981762178,-73.88552139857157,31604,31604,0.6816809177398682
79,-1.695264925961681,,,,40.72761958691337,-73.98593725800137,99313,99313,0.6738641262054443
80,-2.080719216013353,,,,40.71536904490188,-73.93679348509204,100749,100749,0.6974217891693115
82,1.9063828026242644,,,,40.739494552258854,-73.8771182418676,69297,69297,0.665412425994873
87,-2.981422548575292,,,,40.706807981063044,-74.00749578833417,87200,87200,0.6772329807281494
89,-1.7148053121077067,,,,40.637899248043546,-73.96096812758744,73233,73233,0.6795971393585205
90,-1.6087678231953566,,,,40.742278038328486,-73.99697122451529,89106,89106,0.7104043960571289
91,-1.4319099574730476,,,,40.62627204277784,-73.93009732098176,32916,32916,0.6940052509307861
92,-0.022039475495102077,,,,40.76110071120437,-73.82885864307516,53002,53002,0.7000977993011475
95,0.23134350279144447,,,,40.72143087062859,-73.84766918479203,67327,67327,0.6976215839385986
97,-0.6786196854071326,,,,40.69078610719339,-73.97488192727519,90635,90635,0.6812138557434082
100,-4.1617959675931235,,,,40.75351217038599,-73.98878634685093,96753,96753,0.6822288036346436
107,-2.049802147245452,,,,40.7368234242549,-73.98405192785957,97202,97202,0.6841719150543213
112,3.2701330801394164,,,,40.72950555799536,-73.94953985600078,95985,95985,0.6975109577178955
113,-1.7910964386339387,,,,40.73257849687628,-73.99430449266355,87097,87097,0.6675295829772949
114,-1.8676308323487152,,,,40.72833985411046,-73.99737994674842,87624,87624,0.6857531070709229
116,5.304994324086921,,,,40.82701211556071,-73.94852161825771,74487,74487,0.6865482330322266
129,3.111287427940754,,,,40.7573109858269,-73.88531716686681,88249,88249,0.6819918155670166
130,1.5239237379088755,,,,40.70436829225683,-73.79398135276412,39063,39063,0.680523157119751
137,-6.4202321805667815,,,,40.74043833958882,-73.97649447841285,100422,100422,0.6763057708740234
140,-1.4786555240483716,,,,40.76548333944988,-73.95473884239821,102388,102388,0.6974084377288818
141,-1.0133883034674902,,,,40.76694745582751,-73.95963478688098,90194,90194,0.691422700881958
142,-3.3519199184677313,,,,40.77363265587895,-73.98153210008742,96786,96786,0.6843712329864502
143,-1.9615447693443342,,,,40.77596462454249,-73.98764542923256,71495,71495,0.6706092357635498
144,-2.4258565652675754,,,,40.72088834178078,-73.99691839304909,90789,90789,0.6807258129119873
145,3.7865889510539517,,,,40.74537869757109,-73.94889136420672,97858,97858,0.679715633392334
148,-2.352148695125903,,,,40.7189377944814,-73.99089618330311,97876,97876,0.6787691116333008
158,-0.8072268055565742,,,,40.735034686046056,-74.00898395410489,75629,75629,0.6802289485931396
159,1.0444487489557823,,,,40.81825923634176,-73.9128491499624,43269,43269,0.6643805503845215
161,-1.7369572082805576,,,,40.758027399461874,-73.97769778229289,96906,96906,0.6731960773468018
162,-4.44513220286749,,,,40.756686941672,-73.97235591714865,94289,94289,0.6905574798583984
163,-1.6227300033463485,,,,40.764420870266285,-73.97756832086544,89868,89868,0.6852908134460449
164,-2.9893506727057817,,,,40.74857395489648,-73.98515619423324,98082,98082,0.677342414855957
166,-5.336840774249781,,,,40.80945631524178,-73.96176346467267,77449,77449,0.6885952949523926
168,-11.114644214837451,,,,40.80734651795229,-73.91682135545612,69223,69223,0.6977903842926025
169,2.2080482826558874,,,,40.849057751559215,-73.90512230176171,39620,39620,0.6985368728637695
170,-2.733245130144151,,,,40.74774513853527,-73.97849134130094,97382,97382,0.7033514976501465
174,-1.801696180274424,,,,40.87713685159281,-73.87902205824636,29140,29140,0.6906719207763672
177,-22.04872192078857,,,,40.67664341763747,-73.91363235241509,42629,42629,0.6950986385345459
181,0.19652090178400802,,,,40.670373561016966,-73.98141426627475,93964,93964,0.6812539100646973
186,-2.6958469046767273,,,,40.74849659838861,-73.99243728054387,95155,95155,0.6848201751708984
188,-1.4582828101168774,,,,40.658744241633215,-73.94744189565974,73540,73540,0.6890792846679688
198,-0.3091611944045049,,,,40.706526169337856,-73.90170912961152,73798,73798,0.678774356842041
211,-3.105976763836126,,,,40.72388757677253,-74.00153738622468,81247,81247,0.7053594589233398
213,16.845595658552732,,,,40.81785812742238,-73.85813492907866,30061,30061,0.6798956394195557
216,0.029207551403755676,,,,40.67615297510151,-73.8194596688784,31249,31249,0.6812222003936768
223,2.4476529345689917,,,,40.777425997407974,-73.90540723993594,81238,81238,0.6786923408508301
225,-1.3697983154432727,,,,40.68816752944304,-73.93188774325893,87635,87635,0.6884093284606934
226,-42.04109386890753,,,,40.737697256092204,-73.92467262943987,95380,95380,0.6835579872131348
228,37.07626490785464,,,,40.6523538221175,-74.01127289375857,57690,57690,0.6810183525085449
229,-1.5548404299300607,,,,40.756728297866296,-73.96514558738956,89058,89058,0.6990101337432861
230,-3.6000003710517485,,,,40.75981700093711,-73.9841962999618,103419,103419,0.6649627685546875
231,-0.8527263896443631,,,,40.717772159208046,-74.0078794724319,95964,95964,0.678922176361084
233,-3.377616711899222,,,,40.749913386031224,-73.97044237347572,86587,86587,0.6799185276031494
234,-2.605763320485825,,,,40.740336818876294,-73.99045767416112,95342,95342,0.6636652946472168
235,1.5352173336704513,,,,40.85252046623771,-73.91597563385106,38778,38778,0.680849552154541
236,-0.6360174338691752,,,,40.78043571518906,-73.957011704106,93820,93820,0.6895360946655273
237,-1.0776136324530103,,,,40.76861447337676,-73.96563449518534,92386,92386,0.6838858127593994
238,-2.2161646998307756,,,,40.79170437688446,-73.97304858188282,80071,80071,0.7041916847229004
239,-1.3969863974936054,,,,40.783960878966745,-73.97863166507607,86715,86715,0.6736917495727539
242,-4.513387518747068,,,,40.84678260105803,-73.8506711949266,25051,25051,0.677426815032959
243,-3.3791447155527736,,,,40.857107544492344,-73.93283150973458,72678,72678,0.6838123798370361
244,-1.9158365519735703,,,,40.84170795917971,-73.94139909351372,88618,88618,0.6841204166412354
246,-2.2991865591788265,,,,40.75330822391948,-74.00401522931483,93528,93528,0.6806094646453857
247,1.311317519152125,,,,40.8289869131947,-73.92440974289833,45040,45040,0.6730906963348389
249,-1.3213317392154853,,,,40.73457538224022,-74.00287478437942,90462,90462,0.6836085319519043
254,-1.0142969247440945,,,,40.882156159517635,-73.85894858301965,26415,26415,0.668454647064209
255,0.6314363169867591,,,,40.7188033202479,-73.95741799903577,98363,98363,0.6834783554077148
256,-1.3981016418765473,,,,40.710879468121284,-73.9599044531651,100964,100964,0.6847009658813477
260,-5.918051050689501,,,,40.744232885646966,-73.90630705433507,55905,55905,0.6813192367553711
263,-0.902728120385398,,,,40.77876514921805,-73.95100985225692,93981,93981,0.6858446598052979
