zone_id,Zone,Borough,elasticity,ci_lower,ci_upper,std_error,latitude,longitude,sample_size,tensor_sample_size,computation_time_seconds
42,Central Harlem North,Manhattan,-18.843041427148133,,,,40.81825672430648,-73.9407718835631,100954,100954,0.6884214878082275
41,Central Harlem,Manhattan,-12.036407389308927,,,,40.80433332345546,-73.951291828522,87297,87297,0.6713757514953613
137,Kips Bay,Manhattan,-6.4202321805667815,,,,40.74043833958882,-73.97649447841285,100422,100422,0.6783554553985596
166,Morningside Heights,Manhattan,-5.336840774249781,,,,40.80945631524178,-73.96176346467267,77449,77449,0.6843950748443604
48,Clinton East,Manhattan,-4.754116927177176,,,,40.76225204990806,-73.98984463380467,103717,103717,0.6793441772460938
162,Midtown East,Manhattan,-4.44513220286749,,,,40.756686941672,-73.97235591714865,94289,94289,0.6790025234222412
100,Garment District,Manhattan,-4.1617959675931235,,,,40.75351217038599,-73.98878634685093,96753,96753,0.7547018527984619
230,Times Sq/Theatre District,Manhattan,-3.6000003710517485,,,,40.75981700093711,-73.9841962999618,103419,103419,0.6972556114196777
75,East Harlem South,Manhattan,-3.527608571781686,,,,40.79001009948002,-73.9457500200807,103351,103351,0.6809842586517334
243,Washington Heights North,Manhattan,-3.3791447155527736,,,,40.857107544492344,-73.93283150973458,72678,72678,0.6813864707946777
233,UN/Turtle Bay South,Manhattan,-3.377616711899222,,,,40.749913386031224,-73.97044237347572,86587,86587,0.6715357303619385
142,Lincoln Square East,Manhattan,-3.3519199184677313,,,,40.77363265587895,-73.98153210008742,96786,96786,0.683021068572998
68,East Chelsea,Manhattan,-3.207820607883781,,,,40.748426777755405,-73.99991751678057,99657,99657,0.6640737056732178
211,SoHo,Manhattan,-3.105976763836126,,,,40.72388757677253,-74.00153738622468,81247,81247,0.6720013618469238
164,Midtown South,Manhattan,-2.9893506727057817,,,,40.74857395489648,-73.98515619423324,98082,98082,0.6779575347900391
87,Financial District North,Manhattan,-2.981422548575292,,,,40.706807981063044,-74.00749578833417,87200,87200,0.6892540454864502
170,Murray Hill,Manhattan,-2.733245130144151,,,,40.74774513853527,-73.97849134130094,97382,97382,0.6786062717437744
13,Battery Park City,Manhattan,-2.7302537884678024,,,,40.7120374914581,-74.01607908770596,70411,70411,0.677717924118042
186,Penn Station/Madison Sq West,Manhattan,-2.6958469046767273,,,,40.74849659838861,-73.99243728054387,95155,95155,0.6872615814208984
234,Union Sq,Manhattan,-2.605763320485825,,,,40.740336818876294,-73.99045767416112,95342,95342,0.6851933002471924
144,Little Italy/NoLiTa,Manhattan,-2.4258565652675754,,,,40.72088834178078,-73.99691839304909,90789,90789,0.6827394962310791
148,Lower East Side,Manhattan,-2.352148695125903,,,,40.7189377944814,-73.99089618330311,97876,97876,0.6829700469970703
246,West Chelsea/Hudson Yards,Manhattan,-2.2991865591788265,,,,40.75330822391948,-74.00401522931483,93528,93528,0.6755945682525635
238,Upper West Side North,Manhattan,-2.2161646998307756,,,,40.79170437688446,-73.97304858188282,80071,80071,0.6699504852294922
107,Gramercy,Manhattan,-2.049802147245452,,,,40.7368234242549,-73.98405192785957,97202,97202,0.6780853271484375
143,Lincoln Square West,Manhattan,-1.9615447693443342,,,,40.77596462454249,-73.98764542923256,71495,71495,0.6828811168670654
244,Washington Heights South,Manhattan,-1.9158365519735703,,,,40.84170795917971,-73.94139909351372,88618,88618,0.6865146160125732
114,Greenwich Village South,Manhattan,-1.8676308323487152,,,,40.72833985411046,-73.99737994674842,87624,87624,0.6963894367218018
113,Greenwich Village North,Manhattan,-1.7910964386339387,,,,40.73257849687628,-73.99430449266355,87097,87097,0.6777734756469727
161,Midtown Center,Manhattan,-1.7369572082805576,,,,40.758027399461874,-73.97769778229289,96906,96906,0.6764724254608154
79,East Village,Manhattan,-1.695264925961681,,,,40.72761958691337,-73.98593725800137,99313,99313,0.6800110340118408
163,Midtown North,Manhattan,-1.6227300033463485,,,,40.764420870266285,-73.97756832086544,89868,89868,0.6759481430053711
90,Flatiron,Manhattan,-1.6087678231953566,,,,40.742278038328486,-73.99697122451529,89106,89106,0.6713976860046387
229,Sutton Place/Turtle Bay North,Manhattan,-1.5548404299300607,,,,40.756728297866296,-73.96514558738956,89058,89058,0.683631181716919
140,Lenox Hill East,Manhattan,-1.4786555240483716,,,,40.76548333944988,-73.95473884239821,102388,102388,0.6726822853088379
239,Upper West Side South,Manhattan,-1.3969863974936054,,,,40.783960878966745,-73.97863166507607,86715,86715,0.7031967639923096
249,West Village,Manhattan,-1.3213317392154853,,,,40.73457538224022,-74.00287478437942,90462,90462,0.6789069175720215
50,Clinton West,Manhattan,-1.250455338805882,,,,40.76623709408489,-73.99513507723576,84498,84498,0.6791980266571045
237,Upper East Side South,Manhattan,-1.0776136324530103,,,,40.76861447337676,-73.96563449518534,92386,92386,0.6770312786102295
141,Lenox Hill West,Manhattan,-1.0133883034674902,,,,40.76694745582751,-73.95963478688098,90194,90194,0.6967835426330566
263,Yorkville West,Manhattan,-0.902728120385398,,,,40.77876514921805,-73.95100985225692,93981,93981,0.6884255409240723
231,TriBeCa/Civic Center,Manhattan,-0.8527263896443631,,,,40.717772159208046,-74.0078794724319,95964,95964,0.6813647747039795
158,Meatpacking/West Village West,Manhattan,-0.8072268055565742,,,,40.735034686046056,-74.00898395410489,75629,75629,0.680098295211792
236,Upper East Side North,Manhattan,-0.6360174338691752,,,,40.78043571518906,-73.957011704106,93820,93820,0.6864485740661621
116,Hamilton Heights,Manhattan,5.304994324086921,,,,40.82701211556071,-73.94852161825771,74487,74487,0.6916356086730957
74,East Harlem North,Manhattan,19.63608915430415,,,,40.80116855904873,-73.93734546230691,91620,91620,0.6851303577423096
