Month,gas_price_per_gallon,year_month
2000-06-01,1.663,2000-06
2000-07-01,1.696,2000-07
2000-08-01,1.638,2000-08
2000-09-01,1.629,2000-09
2000-10-01,1.611,2000-10
2000-11-01,1.605,2000-11
2000-12-01,1.569,2000-12
2001-01-01,1.519,2001-01
2001-02-01,1.505,2001-02
2001-03-01,1.475,2001-03
2001-04-01,1.559,2001-04
2001-05-01,1.76,2001-05
2001-06-01,1.772,2001-06
2001-07-01,1.652,2001-07
2001-08-01,1.545,2001-08
2001-09-01,1.503,2001-09
2001-10-01,1.402,2001-10
2001-11-01,1.262,2001-11
2001-12-01,1.155,2001-12
2002-01-01,1.158,2002-01
2002-02-01,1.158,2002-02
2002-03-01,1.245,2002-03
2002-04-01,1.423,2002-04
2002-05-01,1.456,2002-05
2002-06-01,1.441,2002-06
2002-07-01,1.438,2002-07
2002-08-01,1.475,2002-08
2002-09-01,1.484,2002-09
2002-10-01,1.496,2002-10
2002-11-01,1.515,2002-11
2002-12-01,1.52,2002-12
2003-01-01,1.552,2003-01
2003-02-01,1.652,2003-02
2003-03-01,1.708,2003-03
2003-04-01,1.661,2003-04
2003-05-01,1.585,2003-05
2003-06-01,1.509,2003-06
2003-07-01,1.517,2003-07
2003-08-01,1.617,2003-08
2003-09-01,1.8,2003-09
2003-10-01,1.717,2003-10
2003-11-01,1.645,2003-11
2003-12-01,1.59,2003-12
2004-01-01,1.619,2004-01
2004-02-01,1.681,2004-02
2004-03-01,1.743,2004-03
2004-04-01,1.775,2004-04
2004-05-01,2.006,2004-05
2004-06-01,2.108,2004-06
2004-07-01,2.034,2004-07
2004-08-01,1.974,2004-08
2004-09-01,1.912,2004-09
2004-10-01,2.012,2004-10
2004-11-01,2.019,2004-11
2004-12-01,1.938,2004-12
2005-01-01,1.876,2005-01
2005-02-01,1.895,2005-02
2005-03-01,1.997,2005-03
2005-04-01,2.177,2005-04
2005-05-01,2.2,2005-05
2005-06-01,2.19,2005-06
2005-07-01,2.365,2005-07
2005-08-01,2.522,2005-08
2005-09-01,3.093,2005-09
2005-10-01,2.736,2005-10
2005-11-01,2.3,2005-11
2005-12-01,2.215,2005-12
2006-01-01,2.404,2006-01
2006-02-01,2.33,2006-02
2006-03-01,2.386,2006-03
2006-04-01,2.755,2006-04
2006-05-01,3.025,2006-05
2006-06-01,3.031,2006-06
2006-07-01,3.114,2006-07
2006-08-01,3.038,2006-08
2006-09-01,2.652,2006-09
2006-10-01,2.239,2006-10
2006-11-01,2.197,2006-11
2006-12-01,2.339,2006-12
2007-01-01,2.309,2007-01
2007-02-01,2.253,2007-02
2007-03-01,2.587,2007-03
2007-04-01,2.84,2007-04
2007-05-01,3.079,2007-05
2007-06-01,3.077,2007-06
2007-07-01,2.987,2007-07
2007-08-01,2.797,2007-08
2007-09-01,2.705,2007-09
2007-10-01,2.728,2007-10
2007-11-01,3.032,2007-11
2007-12-01,3.073,2007-12
2008-01-01,3.092,2008-01
2008-02-01,3.038,2008-02
2008-03-01,3.184,2008-03
2008-04-01,3.398,2008-04
2008-05-01,3.812,2008-05
2008-06-01,4.127,2008-06
2008-07-01,4.137,2008-07
2008-08-01,3.828,2008-08
2008-09-01,3.606,2008-09
2008-10-01,3.058,2008-10
2008-11-01,2.287,2008-11
2008-12-01,1.778,2008-12
2009-01-01,1.733,2009-01
2009-02-01,1.911,2009-02
2009-03-01,1.93,2009-03
2009-04-01,2.019,2009-04
2009-05-01,2.261,2009-05
2009-06-01,2.629,2009-06
2009-07-01,2.602,2009-07
2009-08-01,2.667,2009-08
2009-09-01,2.63,2009-09
2009-10-01,2.549,2009-10
2009-11-01,2.686,2009-11
2009-12-01,2.656,2009-12
2010-01-01,2.739,2010-01
2010-02-01,2.709,2010-02
2010-03-01,2.749,2010-03
2010-04-01,2.82,2010-04
2010-05-01,2.9,2010-05
2010-06-01,2.777,2010-06
2010-07-01,2.76,2010-07
2010-08-01,2.72,2010-08
2010-09-01,2.648,2010-09
2010-10-01,2.812,2010-10
2010-11-01,2.953,2010-11
2010-12-01,3.112,2010-12
2011-01-01,3.189,2011-01
2011-02-01,3.274,2011-02
2011-03-01,3.584,2011-03
2011-04-01,3.813,2011-04
2011-05-01,4.021,2011-05
2011-06-01,3.813,2011-06
2011-07-01,3.782,2011-07
2011-08-01,3.773,2011-08
2011-09-01,3.697,2011-09
2011-10-01,3.526,2011-10
2011-11-01,3.46,2011-11
2011-12-01,3.35,2011-12
2012-01-01,3.484,2012-01
2012-02-01,3.689,2012-02
2012-03-01,3.83,2012-03
2012-04-01,3.94,2012-04
2012-05-01,3.781,2012-05
2012-06-01,3.556,2012-06
2012-07-01,3.559,2012-07
2012-08-01,3.79,2012-08
2012-09-01,3.923,2012-09
2012-10-01,3.863,2012-10
2012-11-01,3.709,2012-11
2012-12-01,3.568,2012-12
2013-01-01,3.537,2013-01
2013-02-01,3.764,2013-02
2013-03-01,3.741,2013-03
2013-04-01,3.589,2013-04
2013-05-01,3.577,2013-05
2013-06-01,3.595,2013-06
2013-07-01,3.692,2013-07
2013-08-01,3.715,2013-08
2013-09-01,3.639,2013-09
2013-10-01,3.415,2013-10
2013-11-01,3.37,2013-11
2013-12-01,3.493,2013-12
2014-01-01,3.477,2014-01
2014-02-01,3.471,2014-02
2014-03-01,3.591,2014-03
2014-04-01,3.663,2014-04
2014-05-01,3.729,2014-05
2014-06-01,3.752,2014-06
2014-07-01,3.717,2014-07
2014-08-01,3.538,2014-08
2014-09-01,3.425,2014-09
2014-10-01,3.236,2014-10
2014-11-01,3.009,2014-11
2014-12-01,2.723,2014-12
2015-01-01,2.264,2015-01
2015-02-01,2.225,2015-02
2015-03-01,2.403,2015-03
2015-04-01,2.444,2015-04
2015-05-01,2.68,2015-05
2015-06-01,2.753,2015-06
2015-07-01,2.758,2015-07
2015-08-01,2.543,2015-08
2015-09-01,2.27,2015-09
2015-10-01,2.148,2015-10
2015-11-01,2.129,2015-11
2015-12-01,2.064,2015-12
2016-01-01,1.945,2016-01
2016-02-01,1.78,2016-02
2016-03-01,1.847,2016-03
2016-04-01,2.061,2016-04
2016-05-01,2.232,2016-05
2016-06-01,2.284,2016-06
2016-07-01,2.222,2016-07
2016-08-01,2.137,2016-08
2016-09-01,2.157,2016-09
2016-10-01,2.185,2016-10
2016-11-01,2.29,2016-11
2016-12-01,2.361,2016-12
2017-01-01,2.456,2017-01
2017-02-01,2.387,2017-02
2017-03-01,2.336,2017-03
2017-04-01,2.417,2017-04
2017-05-01,2.42,2017-05
2017-06-01,2.393,2017-06
2017-07-01,2.356,2017-07
2017-08-01,2.428,2017-08
2017-09-01,2.761,2017-09
2017-10-01,2.558,2017-10
2017-11-01,2.596,2017-11
2017-12-01,2.545,2017-12
2018-01-01,2.611,2018-01
2018-02-01,2.67,2018-02
2018-03-01,2.602,2018-03
2018-04-01,2.774,2018-04
2018-05-01,2.97,2018-05
2018-06-01,2.938,2018-06
2018-07-01,2.894,2018-07
2018-08-01,2.878,2018-08
2018-09-01,2.866,2018-09
2018-10-01,2.867,2018-10
2018-11-01,2.697,2018-11
2018-12-01,2.486,2018-12
2019-01-01,2.378,2019-01
2019-02-01,2.359,2019-02
2019-03-01,2.538,2019-03
2019-04-01,2.777,2019-04
2019-05-01,2.897,2019-05
2019-06-01,2.762,2019-06
2019-07-01,2.776,2019-07
2019-08-01,2.696,2019-08
2019-09-01,2.578,2019-09
2019-10-01,2.524,2019-10
2019-11-01,2.542,2019-11
2019-12-01,2.532,2019-12
2020-01-01,2.572,2020-01
2020-02-01,2.457,2020-02
2020-03-01,2.303,2020-03
2020-04-01,2.044,2020-04
2020-05-01,1.999,2020-05
2020-06-01,2.081,2020-06
2020-07-01,2.127,2020-07
2020-08-01,2.118,2020-08
2020-09-01,2.126,2020-09
2020-10-01,2.121,2020-10
2020-11-01,2.089,2020-11
2020-12-01,2.193,2020-12
2021-01-01,2.372,2021-01
2021-02-01,2.547,2021-02
2021-03-01,2.794,2021-03
2021-04-01,2.794,2021-04
2021-05-01,2.963,2021-05
2021-06-01,3.034,2021-06
2021-07-01,3.105,2021-07
2021-08-01,3.123,2021-08
2021-09-01,3.193,2021-09
2021-10-01,3.309,2021-10
2021-11-01,3.437,2021-11
2021-12-01,3.389,2021-12
2022-01-01,3.355,2022-01
2022-02-01,3.582,2022-02
2022-03-01,4.241,2022-03
2022-04-01,4.025,2022-04
2022-05-01,4.591,2022-05
2022-06-01,4.897,2022-06
2022-07-01,4.541,2022-07
2022-08-01,4.032,2022-08
2022-09-01,3.513,2022-09
2022-10-01,3.523,2022-10
2022-11-01,3.74,2022-11
2022-12-01,3.297,2022-12
2023-01-01,3.306,2023-01
2023-02-01,3.292,2023-02
2023-03-01,3.264,2023-03
2023-04-01,3.433,2023-04
2023-05-01,3.477,2023-05
2023-06-01,3.497,2023-06
2023-07-01,3.55,2023-07
2023-08-01,3.746,2023-08
2023-09-01,3.715,2023-09
2023-10-01,3.541,2023-10
2023-11-01,3.334,2023-11
2023-12-01,3.186,2023-12
2024-01-01,3.073,2024-01
2024-02-01,3.143,2024-02
2024-03-01,3.234,2024-03
2024-04-01,3.423,2024-04
2024-05-01,3.563,2024-05
2024-06-01,3.42,2024-06
2024-07-01,3.439,2024-07
2024-08-01,3.329,2024-08
2024-09-01,3.117,2024-09
2024-10-01,2.979,2024-10
2024-11-01,2.923,2024-11
2024-12-01,2.926,2024-12
2025-01-01,2.995,2025-01
2025-02-01,3.008,2025-02
